Rank	                 Card Name	PWR	ADP	APR	Deals	Drafted	Plays	W-Hand	W-Play	WtdPWR	Elo/Play
1	             Craft Brewery	6.26	1.21	5.52	194	193	185	87	85	4.98	6.95
2	              Hayloft Barn	5.58	1.22	4.48	192	192	185	78	75	4.60	4.75
3	                    Grocer	5.27	1.87	8.05	206	205	194	77	76	4.49	4.61
4	                  Weakling	5.26	1.63	5.65	182	179	164	71	67	4.33	4.39
5	             Craft Teacher	5.16	1.50	3.27	205	205	192	78	74	4.29	3.22
6	           Garden Designer	5.10	1.42	13.16	168	168	146	62	60	4.32	4.81
7	           Begging Student	5.05	1.39	3.03	181	180	173	67	64	4.39	4.40
8	                 Furnisher	4.76	2.22	3.67	171	171	163	58	57	4.08	0.49
9	                  Braggart	4.67	1.12	13.39	202	201	187	67	66	3.89	2.49
10	          Champion Breeder	4.65	3.38	11.08	178	169	118	67	58	3.60	6.40
11	           Stable Sergeant	4.45	3.62	12.78	186	183	156	61	58	3.76	4.52
12	             Trade Teacher	4.40	1.32	3.56	182	182	177	57	56	3.99	2.00
13	                     Lover	4.38	1.65	8.77	186	186	171	59	57	4.05	3.03
14	                Swing Plow	4.29	1.72	9.11	183	183	174	56	55	4.04	1.94
15	                Cow Prince	4.26	2.56	13.16	181	179	138	63	54	3.69	3.92
16	               Big Country	4.24	2.01	8.29	175	170	136	58	52	3.64	3.46
17	              Task Artisan	4.21	2.51	3.28	190	187	169	59	56	3.83	2.87
18	            Teacher's Desk	4.19	1.42	3.40	174	174	166	53	51	4.01	3.59
19	              Young Farmer	4.19	1.88	4.43	150	150	136	47	44	3.72	2.56
20	             Wood Barterer	4.19	1.90	4.18	184	184	168	58	54	3.70	2.02
21	                   Hauberg	4.19	3.66	9.54	184	175	136	60	54	3.38	3.24
22	              Summer House	4.16	1.90	9.60	199	192	159	64	58	3.69	4.54
23	       Sample Stable Maker	4.14	2.45	5.71	207	195	160	66	60	3.63	3.66
24	                Royal Wood	4.13	1.49	3.66	187	186	170	56	54	3.66	3.52
25	             Chimney Sweep	4.11	4.12	11.80	205	191	157	69	59	3.74	5.03
26	        Skillful Renovator	4.10	3.17	8.13	181	169	142	55	52	3.65	3.48
27	             Shaving Horse	4.09	1.25	3.42	178	178	170	55	51	3.96	3.42
28	                Guest Room	4.08	1.69	6.04	161	160	140	51	46	3.80	3.76
29	              Job Contract	4.08	1.71	1.33	168	164	147	50	48	3.50	1.55
30	               Full Farmer	4.08	3.27	10.31	189	180	145	59	54	3.59	3.53
31	               Melon Patch	4.07	3.30	7.91	151	148	138	45	43	3.74	1.91
32	                Wholesaler	4.06	3.67	9.84	183	177	141	58	52	3.59	4.63
33	              Brewery Pond	4.04	1.46	4.25	184	183	173	56	52	3.79	1.34
34	              Animal Reeve	4.02	3.59	5.68	167	157	124	52	47	3.47	4.39
35	          Work Certificate	3.98	1.67	6.70	165	146	125	54	46	3.70	5.04
36	                      Wolf	3.98	3.11	8.36	183	181	160	52	51	3.65	1.49
37	           Writing Chamber	3.97	2.25	12.15	180	171	145	59	50	3.63	3.64
38	              Field Doctor	3.97	2.45	6.19	180	166	139	55	50	3.39	4.08
39	             Lettuce Patch	3.95	3.62	9.93	177	172	155	55	49	3.74	1.89
40	                   Caravan	3.94	1.21	5.62	196	179	168	56	54	3.54	3.41
41	          Assistant Tiller	3.92	1.59	5.33	193	191	179	54	53	3.81	3.33
42	                 Informant	3.92	1.62	2.50	175	170	158	49	48	3.63	2.35
43	               Rammed Clay	3.92	1.87	6.60	175	175	173	48	48	3.70	1.99
44	                 Wood Cart	3.92	2.15	7.48	182	181	156	57	50	3.58	2.70
45	                 Childless	3.92	2.24	3.32	186	174	149	55	51	3.52	3.62
46	            Basket Carrier	3.90	1.98	4.08	209	209	192	62	57	3.86	2.75
47	              Shed Builder	3.89	3.58	7.89	180	163	133	53	49	3.30	2.40
48	           Charcoal Burner	3.88	2.69	2.88	173	168	146	51	47	3.63	4.75
49	              Special Food	3.88	3.79	6.44	162	155	117	56	44	3.32	3.27
50	                Tree Guard	3.83	1.71	3.19	183	180	162	54	49	3.64	2.04
51	                 Bookshelf	3.83	2.29	7.81	179	177	160	51	48	3.39	0.70
52	             Clay Supports	3.82	1.90	6.23	172	170	154	48	46	3.44	1.44
53	                Wheel Plow	3.82	2.09	8.53	172	170	158	46	46	3.46	0.30
54	                 Ash Trees	3.82	2.85	11.49	157	156	122	48	42	3.32	1.78
55	                 Collector	3.81	2.47	7.30	191	186	154	55	51	3.33	0.93
56	                  Freshman	3.80	1.52	2.36	188	181	163	56	50	3.48	2.73
57	           Education Bonus	3.77	3.21	6.87	178	169	143	54	47	3.39	1.75
58	    Recreational Carpenter	3.75	2.00	4.72	179	174	156	48	47	3.38	0.40
59	             Carrot Museum	3.74	2.23	7.21	187	177	144	55	49	3.40	1.72
60	           Child Ombudsman	3.74	2.30	5.51	187	167	135	61	49	3.32	3.20
61	                Cultivator	3.71	2.17	5.45	181	180	168	50	47	3.58	1.21
62	              Field Fences	3.70	2.59	12.11	189	189	174	52	49	3.64	1.24
63	            Little Peasant	3.69	1.87	1.91	186	179	159	53	48	3.36	0.76
64	         Carpenter's Bench	3.66	1.59	6.69	195	195	183	55	50	3.62	1.36
65	                 Excavator	3.66	1.85	2.30	191	187	161	50	49	3.19	1.52
66	              Seed Almanac	3.66	2.51	8.36	168	167	143	45	43	3.38	0.46
67	             Milking Stool	3.65	2.88	10.39	192	187	158	55	49	3.42	1.26
68	               Stallwright	3.65	2.93	3.90	180	175	163	49	46	3.31	-0.40
69	                   Crudit√©	3.63	3.16	8.52	193	185	170	51	49	3.55	1.73
70	              Treegardener	3.59	3.26	5.72	199	193	160	53	50	3.32	1.07
71	               Briar Hedge	3.57	2.96	11.95	164	155	123	49	41	3.31	3.06
72	                  Beer Keg	3.57	3.38	8.37	164	146	106	51	41	3.14	3.85
73	             Wood Workshop	3.55	2.95	5.39	177	170	148	48	44	3.43	1.95
74	                      Nave	3.53	3.43	12.76	186	176	119	53	46	3.06	3.41
75	                    Cottar	3.53	3.49	3.06	186	177	139	56	46	2.94	-0.09
76	                 Cordmaker	3.51	2.68	2.70	175	171	146	49	43	3.06	0.08
77	              Wood Carrier	3.51	2.87	11.93	187	186	161	52	46	3.47	1.73
78	                Hand Truck	3.50	2.26	6.49	188	181	158	54	46	3.25	2.22
79	                 Stone Axe	3.49	2.54	8.26	172	171	153	46	42	3.43	0.74
80	                   Ox Goad	3.49	3.10	10.08	184	179	158	48	45	3.40	1.32
81	        Carpenter's Hammer	3.47	1.39	5.18	173	173	169	45	42	3.81	1.67
82	                     Hewer	3.47	3.37	4.31	177	168	128	53	43	3.14	3.12
83	            Dung Collector	3.47	3.89	11.01	173	148	107	49	42	2.85	4.23
84	             Estate Master	3.45	1.58	11.54	149	149	120	42	36	3.27	0.86
85	              Writing Desk	3.45	3.56	7.91	170	152	127	50	41	2.97	0.87
86	                 Pet Lover	3.44	2.11	4.04	187	186	169	48	45	3.47	1.41
87	                    Chapel	3.42	1.56	10.42	192	192	137	54	46	3.17	2.66
88	               Plow Driver	3.42	3.23	9.31	192	175	133	54	46	3.05	2.26
89	                   Pioneer	3.40	2.59	2.79	185	178	165	45	44	3.51	1.80
90	               Grain Depot	3.39	3.31	7.19	173	155	134	46	41	3.10	0.96
91	            Field Watchman	3.37	1.27	4.31	174	173	170	42	41	3.61	1.38
92	            Hardware Store	3.35	1.52	4.29	158	158	141	39	37	3.19	0.01
93	                 Reap Hook	3.35	2.60	6.55	179	174	160	47	42	3.35	0.54
94	                 Beanfield	3.35	4.36	10.37	192	181	152	53	45	3.07	2.17
95	                 Patroness	3.33	4.05	2.42	189	135	120	48	44	2.73	3.15
96	        Carpenter's Parlor	3.32	1.29	4.39	202	202	192	47	47	3.23	-1.01
97	             Retail Dealer	3.30	2.94	4.26	156	144	123	39	36	2.96	1.05
98	             Claypit Owner	3.30	3.14	3.39	169	159	126	44	39	3.03	1.25
99	                Contraband	3.30	3.63	4.18	160	136	115	40	37	2.82	1.27
100	            Writing Boards	3.30	3.78	11.75	169	164	133	45	39	3.07	0.43
101	                    Slurry	3.30	4.15	9.40	182	158	131	49	42	3.08	3.15
102	           Sleight of Hand	3.30	4.60	10.85	160	139	110	47	37	2.94	2.10
103	               Canvas Sack	3.29	3.35	1.75	191	165	121	52	44	3.00	3.95
104	                    Apiary	3.28	3.43	9.74	196	191	149	61	45	3.12	1.74
105	                 Cow Patty	3.28	4.51	12.24	183	162	121	47	42	3.01	3.95
106	                  Bonehead	3.27	2.98	3.32	188	186	172	45	43	3.31	0.13
107	                      Loom	3.27	3.09	9.88	192	184	156	50	44	3.27	2.08
108	           Private Teacher	3.26	2.18	1.68	184	177	170	44	42	3.32	-0.77
109	          Winter Caretaker	3.26	3.82	8.96	197	181	163	48	45	3.07	0.13
110	             House Steward	3.25	3.92	4.85	202	180	143	52	46	3.04	2.51
111	              Muddy Waters	3.25	4.26	8.85	176	159	148	44	40	2.95	1.11
112	                    Priest	3.24	3.92	6.68	185	137	112	49	42	2.63	2.65
113	               Roof Ladder	3.22	3.62	8.19	204	188	150	56	46	2.97	1.43
114	           Master Huntsman	3.21	4.14	6.01	156	132	92	40	35	2.74	1.59
115	                   Trellis	3.19	3.40	8.91	188	184	169	44	42	3.31	1.35
116	              House Artist	3.18	1.67	3.58	184	184	165	47	41	3.20	0.19
117	                Pet Broker	3.18	4.49	8.48	175	153	116	50	39	2.84	2.34
118	                   Cesspit	3.17	2.01	3.84	189	179	166	44	42	3.22	0.31
119	      Family Friendly Home	3.17	2.55	5.53	194	182	138	53	43	2.83	0.27
120	               Art Teacher	3.15	2.52	2.09	186	182	173	42	41	3.18	-0.50
121	            Cross-Cut Wood	3.15	3.42	11.38	168	164	120	47	37	3.02	1.95
122	        Wooden Whey Bucket	3.14	3.29	8.02	159	155	128	46	35	3.14	1.79
123	                     Mason	3.12	2.93	12.34	174	169	127	39	38	2.92	0.74
124	   Gardening Head Official	3.12	4.08	4.79	188	166	110	49	41	2.60	3.09
125	              Plow Builder	3.11	2.58	7.16	161	149	125	41	35	3.01	0.83
126	                    Patron	3.11	3.25	1.94	202	179	161	50	44	2.87	-1.19
127	            Cherry Orchard	3.11	4.08	7.00	170	153	131	41	37	2.84	0.58
128	            Forest Clearer	3.09	1.53	2.05	199	199	190	45	43	3.32	1.33
129	                Homekeeper	3.08	3.38	8.63	176	167	101	50	38	2.55	2.87
130	             Harvest House	3.07	2.67	9.22	219	204	179	53	47	3.22	2.45
131	                  Loam Pit	3.07	2.93	8.99	191	185	149	47	41	2.91	0.45
132	                 Confidant	3.07	3.72	9.95	177	167	126	45	38	2.75	0.77
133	               Clay Supply	3.07	3.84	5.09	177	153	133	42	38	2.81	0.69
134	                  Thresher	3.07	3.93	5.93	158	133	100	42	34	2.67	2.46
135	              Veggie Lover	3.07	3.96	11.62	186	164	105	54	40	2.67	3.89
136	              Animal Tamer	3.07	4.29	7.87	172	156	129	42	37	2.75	0.76
137	          Tree Farm Joiner	3.06	3.56	4.20	168	160	132	42	36	3.10	1.13
138	       Wooden Hut Extender	3.03	1.70	5.27	165	165	145	38	35	3.04	0.01
139	               Forest Plow	3.03	2.87	7.66	165	154	134	40	35	2.76	-0.82
140	            Wares Salesman	3.02	3.31	4.47	189	181	139	46	40	2.93	1.50
141	                 Reed Pond	3.02	3.66	8.22	175	168	133	43	37	3.20	2.85
142	               Recruitment	3.01	1.73	3.55	171	170	138	45	36	2.93	-0.30
143	                Beer Table	3.00	1.88	5.81	200	197	163	48	42	2.84	-0.98
144	                Plow Maker	3.00	3.00	8.46	205	190	166	47	43	2.88	0.28
145	             Barrow Pusher	2.99	3.32	5.10	177	165	136	43	37	2.79	1.42
146	              Mini Pasture	2.99	3.77	8.26	167	162	144	41	35	2.94	-0.11
147	   Excursion to the Quarry	2.96	4.39	10.47	174	160	109	43	36	2.73	1.31
148	         Lord of the Manor	2.94	3.21	12.86	175	171	98	46	36	2.65	3.90
149	   Animal Husbandry Worker	2.93	3.76	6.55	161	156	132	36	33	3.10	0.92
150	                Baseboards	2.93	4.14	10.46	185	161	127	47	38	2.94	3.39
151	            Alchemists Lab	2.93	4.39	9.82	166	150	120	42	34	2.81	0.61
152	                  Bookcase	2.92	1.55	4.10	176	176	175	37	36	3.19	-0.34
153	                 Lazybones	2.92	3.04	5.38	171	168	138	40	35	3.08	1.34
154	          Sculpture Course	2.92	3.43	4.32	191	149	102	53	39	2.48	4.31
155	                   Pickler	2.92	4.17	5.33	196	180	143	48	40	2.95	1.74
156	             Ranch Provost	2.92	4.27	5.45	196	176	132	50	40	2.86	2.51
157	            Breed Registry	2.91	4.03	7.91	162	135	105	39	33	2.81	2.93
158	           Artichoke Field	2.91	4.20	9.12	162	153	130	38	33	2.80	0.16
159	                 Storeroom	2.91	4.29	12.99	177	159	89	46	36	2.41	3.15
160	             Lantern House	2.90	3.06	1.91	182	141	115	41	37	2.59	1.13
161	             Mining Hammer	2.90	3.58	7.05	197	180	151	47	40	2.92	0.97
162	           Pulverizer Plow	2.89	1.67	6.59	193	190	175	42	39	3.06	-1.19
163	              Site Manager	2.89	4.13	8.49	178	165	110	45	36	2.55	1.74
164	                Club House	2.88	4.47	7.62	159	133	108	38	32	2.73	2.14
165	                Fir Cutter	2.86	3.46	8.63	190	171	136	43	38	2.92	1.57
166	           Scrap Collector	2.86	3.94	4.25	190	177	139	46	38	2.86	1.69
167	       Maintenance Premium	2.86	4.65	7.46	170	147	111	42	34	2.46	0.73
168	             Walking Boots	2.84	3.51	7.53	156	96	79	36	31	2.55	6.12
169	        Shepherd's Whistle	2.84	4.44	7.62	181	151	121	46	36	2.57	-0.01
170	            Stable Cleaner	2.83	3.68	9.57	187	169	118	49	37	2.57	2.06
171	                 Constable	2.83	3.73	4.94	187	168	118	45	37	2.44	0.05
172	            Stable Planner	2.83	3.74	3.70	182	164	129	44	36	2.69	1.80
173	           Animal Activist	2.82	4.13	4.60	172	156	115	46	34	2.77	2.38
174	        Oriental Fireplace	2.81	2.97	7.50	178	167	146	39	35	2.87	0.67
175	            Rod Collection	2.81	5.32	10.83	188	138	95	44	37	2.33	5.29
176	                 Pig Owner	2.80	4.53	12.60	184	158	90	47	36	2.37	4.70
177	       Half-Timbered House	2.79	3.31	13.26	159	143	85	40	31	2.41	3.91
178	                    Trowel	2.79	3.39	9.21	164	156	115	40	32	2.62	1.55
179	                Omnifarmer	2.79	3.41	9.33	174	164	116	39	34	2.73	1.86
180	                Earth Oven	2.79	3.76	9.64	169	147	118	39	33	2.83	4.68
181	                Wood Field	2.79	4.21	8.47	174	159	129	42	34	2.68	0.78
182	                 Tea House	2.79	4.23	9.42	179	166	124	43	35	2.66	0.95
183	                   Saddler	2.78	3.49	6.39	185	169	132	47	36	2.62	0.37
184	               Beneficiary	2.78	4.56	6.15	180	152	123	39	35	2.60	0.62
185	                    Twibil	2.77	3.40	5.06	196	172	140	44	38	2.54	-0.60
186	              Game Catcher	2.76	4.86	13.34	197	175	119	50	38	2.41	1.41
187	            Dolly's Mother	2.75	3.41	9.45	187	177	154	42	36	2.95	0.75
188	               Conservator	2.74	3.69	11.07	193	180	133	43	37	2.52	1.07
189	          Adoptive Parents	2.74	4.39	7.33	203	175	138	48	39	2.63	0.97
190	              Value Assets	2.74	4.48	6.69	193	157	136	45	37	2.62	0.96
191	                 Bunk Beds	2.72	3.14	10.67	184	178	127	44	35	2.54	0.70
192	                 Mud Patch	2.71	4.07	8.30	179	162	146	36	34	2.98	1.17
193	                  Ceilings	2.70	3.23	6.11	164	159	135	38	31	2.80	-1.01
194	Stone House Reconstruction	2.70	4.26	10.68	164	154	112	37	31	2.54	1.33
195	          Food Distributor	2.69	5.01	11.49	175	151	121	44	33	2.67	-0.35
196	               Nail Basket	2.68	4.66	10.38	176	144	113	39	33	2.68	2.15
197	            Moldboard Plow	2.66	2.31	7.57	177	177	157	38	33	2.95	-0.10
198	                  Equipper	2.66	3.30	3.66	177	157	123	37	33	2.66	1.25
199	                   Bucksaw	2.66	4.36	7.87	177	144	123	37	33	2.57	-0.49
200	                 Wood Rake	2.66	4.61	11.25	177	150	101	47	33	2.31	1.07
201	            Turnwrest Plow	2.65	2.24	9.22	162	161	149	32	30	3.11	-0.02
202	                Upholstery	2.65	4.92	7.57	183	133	117	34	34	2.46	0.14
203	           Sleeping Corner	2.64	2.58	10.18	206	201	143	43	38	2.64	0.58
204	             Greening Plan	2.64	3.90	12.65	173	145	97	41	32	2.49	3.44
205	          Reed-Hatted Toad	2.63	2.94	1.71	179	163	119	40	33	2.45	-0.15
206	                Steam Plow	2.63	3.59	9.14	179	155	129	37	33	2.67	-0.06
207	             Carriage Trip	2.63	3.80	10.62	163	137	101	41	30	2.30	0.91
208	              Drill Harrow	2.63	3.86	8.79	174	133	115	34	32	2.48	0.97
209	         Wood Slide Hammer	2.61	2.02	10.52	164	161	126	35	30	2.79	-1.86
210	               Wild Greens	2.61	5.02	7.28	197	158	134	44	36	2.43	-0.70
211	          Horse-Drawn Boat	2.60	4.66	7.41	187	150	97	47	34	2.37	4.73
212	                Clay Firer	2.60	4.92	8.33	176	156	98	43	32	2.27	1.32
213	                  Bookmark	2.59	3.70	5.43	204	185	157	40	37	2.81	0.37
214	          Clay Deliveryman	2.58	4.33	6.03	188	153	93	48	34	2.16	4.07
215	                Remodeling	2.58	5.25	10.81	188	106	77	37	34	2.02	4.53
216	                Raised Bed	2.57	3.66	9.93	172	154	96	41	31	2.31	1.47
217	            Truffle Slicer	2.57	4.63	9.76	172	135	84	41	31	2.05	1.23
218	                 Cubbyhole	2.56	4.02	5.47	162	117	91	34	29	2.28	1.70
219	                  Haydryer	2.56	4.24	11.05	201	176	128	50	36	2.50	1.65
220	                    Pavior	2.55	2.29	3.04	151	147	137	28	27	3.23	0.84
221	                 Harpooner	2.55	2.61	4.38	224	219	190	50	40	2.74	0.01
222	            Delivery Nurse	2.55	4.11	10.31	157	133	77	37	28	2.25	3.40
223	              Feed Pellets	2.54	4.93	8.52	169	135	124	33	30	2.77	1.59
224	             Fellow Grazer	2.54	5.12	12.93	197	148	94	49	35	2.27	5.04
225	                Beer Stall	2.53	2.75	6.62	181	169	128	40	32	2.52	0.06
226	                   Collier	2.52	2.66	2.96	176	163	136	37	31	2.39	-2.31
227	               Den Builder	2.52	3.10	8.61	170	166	109	39	30	2.42	0.26
228	               Foreign Aid	2.52	4.25	4.28	170	126	97	38	30	2.40	2.06
229	                      Stew	2.51	3.29	5.21	182	147	117	39	32	2.40	0.50
230	        Newly-Plowed Field	2.51	4.19	11.62	182	164	117	45	32	2.36	0.26
231	                Sour Dough	2.51	4.23	11.15	171	150	112	36	30	2.61	2.50
232	             Junior Artist	2.49	2.63	2.30	189	169	137	41	33	2.62	1.54
233	                 Straw Hat	2.49	2.81	2.45	195	177	139	39	34	2.40	-1.14
234	          Vegetable Vendor	2.49	3.31	5.66	178	166	124	37	31	2.37	-2.13
235	           Furniture Maker	2.49	3.88	2.65	195	158	136	38	34	2.53	-0.33
236	               Food Basket	2.48	3.95	10.56	167	150	124	40	29	2.60	-0.98
237	             Baking Course	2.48	4.11	6.99	173	113	96	35	30	2.28	2.90
238	        Basketmaker's Wife	2.47	3.95	6.35	168	149	113	40	29	2.46	-1.15
239	                   Tumbrel	2.47	4.45	7.32	185	158	133	42	32	2.28	-1.59
240	      Little Stick Knitter	2.46	2.39	5.72	174	170	119	33	30	2.42	0.40
241	              Stork's Nest	2.46	3.43	8.49	192	161	94	45	33	2.21	4.42
242	           Village Peasant	2.46	4.92	12.87	180	144	94	42	31	2.25	3.99
243	              Trap Builder	2.44	3.15	3.14	164	135	92	35	28	2.07	0.47
244	              Market Crier	2.44	4.23	6.92	193	146	107	42	33	2.09	-0.23
245	                     Tutor	2.44	4.39	3.14	176	119	98	35	30	2.20	0.26
246	            Wood Collector	2.43	3.59	4.29	194	177	139	41	33	2.60	0.75
247	                 Junk Room	2.43	4.28	5.10	200	148	122	40	34	2.16	-0.16
248	                 Roman Pot	2.43	5.22	9.04	188	130	90	41	32	2.01	2.09
249	                   Trident	2.42	4.80	9.51	171	142	105	40	29	2.31	0.29
250	                 Sheep Rug	2.41	4.02	10.58	172	146	98	34	29	2.37	3.44
251	                Farm Store	2.41	4.11	7.07	184	140	107	39	31	2.16	0.28
252	                   Bottles	2.39	4.58	10.49	179	152	86	46	30	2.23	4.72
253	               Dairy Crier	2.39	4.92	11.25	185	153	113	45	31	2.32	-0.01
254	            Animal Teacher	2.38	3.75	5.34	174	134	110	38	29	2.40	1.30
255	                   Prophet	2.38	4.36	12.11	192	176	102	47	32	2.11	2.20
256	                  Reseller	2.38	4.86	8.39	186	154	107	40	31	2.37	2.50
257	           Carpenter's Axe	2.37	3.04	6.59	175	164	137	31	29	2.55	-0.64
258	        Established Person	2.37	3.94	5.72	169	115	82	41	28	2.12	2.85
259	           Agrarian Fences	2.37	4.14	8.83	181	170	145	37	30	2.54	-1.09
260	                  Claypipe	2.37	4.28	7.77	187	151	111	35	31	2.17	0.68
261	              Chick Stable	2.37	4.29	6.15	169	139	115	35	28	2.23	-0.30
262	                    Porter	2.35	3.57	4.16	182	155	115	39	30	2.47	0.17
263	                 Grain Bag	2.35	4.79	10.36	140	102	72	29	23	2.17	1.69
264	                    Scales	2.34	2.57	1.61	189	169	147	34	31	2.46	-0.93
265	               Wood Cutter	2.34	2.98	3.26	177	170	146	36	29	2.53	-0.67
266	                     Hutch	2.34	4.66	7.58	177	136	91	38	29	2.04	2.54
267	               Chain Float	2.33	2.69	3.51	202	188	150	40	33	2.58	-0.18
268	                 Stockyard	2.33	3.82	8.08	172	158	129	38	28	2.50	-0.51
269	               Supply Boat	2.33	4.17	7.85	190	170	143	37	31	2.51	-0.27
270	                  Overhaul	2.33	4.79	12.07	190	149	109	36	31	2.33	2.27
271	                  Milk Jug	2.32	4.10	9.84	191	170	140	36	31	2.35	-1.32
272	          Double-Turn Plow	2.31	3.12	3.31	179	156	116	36	29	2.23	0.53
273	       Crop Rotation Field	2.31	4.45	7.88	192	166	146	35	31	2.42	-0.81
274	                 Barn Shed	2.30	3.00	7.72	180	174	137	39	29	2.48	-0.30
275	               Wood Expert	2.30	3.73	4.69	180	161	126	37	29	2.42	-0.37
276	               Pipe Smoker	2.29	4.49	7.19	200	173	101	41	32	1.88	1.66
277	                    Scythe	2.29	4.53	8.60	187	154	107	42	30	2.02	0.08
278	           Field Caretaker	2.28	3.32	8.07	188	175	149	38	30	2.57	-1.90
279	                    Kettle	2.28	3.48	9.92	188	166	115	40	30	2.48	2.10
280	                Feed Fence	2.28	3.65	6.51	169	147	121	31	27	2.35	-0.95
281	                 Bed Maker	2.27	3.79	5.30	176	153	100	36	28	2.15	0.43
282	                   Seducer	2.27	4.18	8.76	176	148	80	38	28	2.01	3.95
283	            Organic Farmer	2.27	5.06	13.22	195	146	76	43	31	1.85	4.92
284	               Beating Rod	2.27	5.25	8.89	195	153	124	41	31	2.40	1.51
285	            Animal Catcher	2.26	3.23	10.31	183	180	140	39	29	2.54	0.05
286	                Bricklayer	2.26	3.36	4.52	183	157	118	36	29	2.24	-0.35
287	                       Hod	2.26	3.72	7.80	158	152	124	26	25	2.67	0.72
288	              Overachiever	2.26	4.04	6.55	202	171	111	48	32	2.12	0.04
289	               Paper Knife	2.26	4.89	6.11	183	151	121	38	29	2.37	0.28
290	           Forest Reviewer	2.25	1.83	1.91	197	195	180	34	31	2.92	-1.15
291	                  Stockman	2.25	4.39	9.40	184	155	106	41	29	2.17	0.60
292	          Strawberry Patch	2.25	4.76	12.84	184	144	81	41	29	1.90	3.39
293	                Piggy Bank	2.24	3.93	2.98	166	128	100	32	26	2.23	2.22
294	                 Blueprint	2.23	2.77	4.97	179	177	151	30	28	2.47	-2.92
295	            Roof Ballaster	2.23	4.10	11.73	192	186	99	46	30	2.11	1.46
296	                     Baker	2.23	4.47	8.89	173	132	83	39	27	1.86	0.26
297	            Master Builder	2.23	4.47	13.05	186	132	88	36	29	1.92	-0.06
298	        Small-scale Farmer	2.22	3.39	1.52	167	132	113	30	26	2.43	0.59
299	             Animal Dealer	2.22	4.17	9.62	206	193	128	50	32	2.30	0.94
300	                    Credit	2.22	4.45	7.86	187	142	114	35	29	2.45	2.19
301	             Potato Digger	2.22	4.56	11.62	193	162	106	40	30	2.18	2.17
302	         Master Bricklayer	2.20	4.18	8.28	188	153	81	40	29	1.84	1.89
303	          Small Greenhouse	2.20	4.18	6.61	188	133	93	38	29	1.94	1.49
304	             Animal Feeder	2.19	3.29	5.54	183	163	117	32	28	2.20	-0.28
305	                     Buyer	2.19	3.36	6.45	176	169	124	33	27	2.45	0.12
306	                   Scholar	2.19	3.63	7.42	183	133	90	39	28	2.01	0.48
307	        Fatstock Stretcher	2.19	3.69	6.64	176	144	109	34	27	2.02	-0.94
308	            Sheep Provider	2.19	3.97	6.11	196	172	133	38	30	2.28	-1.17
309	                Boar Spear	2.18	3.74	7.36	157	124	91	29	24	2.22	0.92
310	          Reclamation Plow	2.18	4.26	9.26	151	119	103	26	23	2.21	-0.95
311	                Stone Weir	2.17	4.28	8.69	178	152	116	35	27	2.39	1.16
312	                   Lynchet	2.17	4.64	7.46	184	134	109	34	28	2.31	0.55
313	               Seed Trader	2.17	5.09	10.29	158	116	75	32	24	2.09	3.02
314	                Retraining	2.17	5.63	10.79	178	108	73	37	27	1.86	3.34
315	           Potter Ceramics	2.16	2.96	5.99	165	157	137	30	25	2.48	-2.73
316	          Museum Caretaker	2.16	4.12	8.43	185	157	79	41	28	1.98	4.59
317	             Basket Weaver	2.16	4.15	7.13	172	161	109	35	26	2.32	1.03
318	          Clay Hut Builder	2.16	4.27	7.26	198	159	113	39	30	2.12	-0.71
319	            Hammer Crusher	2.15	3.98	8.57	179	152	112	34	27	2.19	-0.38
320	              Profiteering	2.15	4.49	6.19	173	117	107	28	26	2.01	-1.01
321	              New Purchase	2.15	4.95	7.05	173	128	109	32	26	2.08	-2.58
322	              Seed Pellets	2.14	4.28	10.50	187	148	103	35	28	2.22	2.24
323	              Market Stall	2.13	3.99	5.49	201	106	87	33	30	1.84	1.33
324	                  Acquirer	2.13	4.34	4.11	181	119	74	45	27	1.81	2.80
325	                 Land Heir	2.12	4.16	3.30	175	135	100	35	26	2.17	0.56
326	            Hard Porcelain	2.12	4.40	8.32	195	157	94	44	29	1.96	1.69
327	                 Iron Oven	2.11	3.42	10.14	169	158	117	35	25	2.49	1.00
328	               Housemaster	2.11	4.69	12.91	183	157	74	42	27	1.85	3.39
329	         Kindling Gatherer	2.09	2.69	2.76	171	162	138	29	25	2.29	-2.08
330	                Paintbrush	2.09	5.18	10.34	171	136	76	39	25	1.93	5.77
331	               Elder Baker	2.08	3.84	5.75	179	140	95	37	26	1.94	-0.68
332	              Forest Stone	2.08	4.40	7.91	192	171	141	36	28	2.38	-1.23
333	                  Ambition	2.08	4.49	7.85	172	133	102	31	25	1.93	-1.09
334	          Field Cultivator	2.08	5.00	9.75	185	132	76	39	27	1.94	4.90
335	              Forest Owner	2.07	4.05	5.34	186	151	114	35	27	2.02	-0.10
336	        Lieutenant General	2.07	5.16	8.55	193	146	82	43	28	1.72	2.00
337	              Water Worker	2.06	2.98	3.24	187	168	125	39	27	2.13	0.33
338	               Stable Tree	2.06	3.39	5.22	187	157	113	37	27	2.16	-0.20
339	                 Carpenter	2.05	3.10	4.60	202	184	139	34	29	2.14	-0.28
340	              Throwing Axe	2.05	4.32	8.74	174	152	110	36	25	2.17	0.21
341	                   Midwife	2.05	4.53	6.33	174	135	84	34	25	1.96	1.82
342	            Swimming Class	2.05	4.64	8.05	153	110	78	26	22	1.96	0.93
343	             Scythe Worker	2.04	4.73	7.77	210	151	111	40	30	1.95	-0.13
344	             Market Master	2.02	2.95	1.78	184	159	140	31	26	2.34	-0.97
345	             Master Tanner	2.02	3.72	7.45	184	159	99	44	26	1.93	2.12
346	              Fodder Beets	2.02	5.33	11.67	177	134	93	33	25	1.99	-0.33
347	           Seasonal Worker	2.01	2.74	4.35	178	161	111	31	25	2.09	0.16
348	        Seaweed Fertilizer	2.01	4.51	9.28	185	151	111	32	26	2.08	0.59
349	           Seed Researcher	2.01	4.83	9.56	171	103	66	33	24	1.57	0.47
350	              Pottery Yard	2.01	5.02	11.50	192	110	68	38	27	1.62	3.72
351	             Large Pottery	2.00	3.39	9.71	164	151	87	33	23	1.72	-2.27
352	            Stone Sculptor	2.00	4.82	6.98	186	131	86	36	26	1.86	1.30
353	                 Mole Plow	1.99	3.49	10.27	187	164	136	30	26	2.22	-2.02
354	             Stone Company	1.99	3.74	8.15	151	133	84	35	21	1.82	-2.77
355	       Shifting Cultivator	1.99	4.76	9.37	158	119	73	30	22	1.84	2.18
356	               Wooden Shed	1.98	3.46	5.59	159	112	79	32	22	2.04	4.13
357	                    Pastor	1.98	4.74	7.44	188	133	72	40	26	1.63	3.13
358	            Recycled Brick	1.98	5.06	11.27	173	119	70	34	24	1.70	0.99
359	               Clay Warden	1.97	3.98	2.47	189	154	109	37	26	2.06	1.30
360	                    Studio	1.97	4.42	8.82	167	134	85	36	23	1.95	2.29
361	                   Ebonist	1.96	3.74	5.50	168	139	107	32	23	2.02	-1.42
362	       Schnapps Distillery	1.96	4.66	11.41	175	134	78	37	24	1.79	2.30
363	              Small Basket	1.95	4.77	8.30	176	126	89	35	24	1.92	2.26
364	                      Wage	1.95	5.18	8.19	161	111	85	27	22	2.06	1.04
365	            Fodder Chamber	1.94	4.24	13.89	177	139	54	43	24	1.54	4.01
366	              Butter Churn	1.94	4.53	7.05	206	167	122	41	28	2.14	-0.14
367	            Drudgery Reeve	1.93	4.38	5.21	178	155	102	36	24	1.99	-1.06
368	             Forest Trader	1.92	3.68	4.66	186	167	119	33	25	2.07	0.17
369	            Waterlily Pond	1.92	4.30	6.01	186	161	121	37	25	2.02	-1.80
370	       Brushwood Collector	1.90	2.62	4.11	195	189	146	32	26	2.13	-1.74
371	                Stone Cart	1.90	4.64	5.70	180	139	90	40	24	1.94	0.67
372	                Churchyard	1.90	5.32	11.15	180	118	60	39	24	1.61	2.40
373	             Kelp Gatherer	1.89	4.24	5.08	166	132	85	31	22	1.96	1.34
374	                 Barn Cats	1.89	5.01	9.83	181	153	117	32	24	2.16	-1.77
375	           Forest Lake Hut	1.88	3.82	7.01	220	181	149	33	29	2.11	-0.23
376	          Forestry Studies	1.88	4.68	3.29	167	91	70	23	22	1.69	1.03
377	          Housebook Master	1.88	5.09	9.67	198	127	64	36	26	1.57	5.38
378	       Calcium Fertilizers	1.87	4.65	5.86	176	122	95	27	23	1.97	-0.15
379	           Mayor Candidate	1.86	4.49	6.09	207	147	101	36	27	1.86	-0.71
380	                Pole Barns	1.86	4.72	13.24	177	137	79	30	23	1.90	3.09
381	               Work Permit	1.85	3.46	3.72	170	143	95	29	22	1.91	-0.63
382	          Artisan District	1.85	3.93	12.55	185	162	91	38	24	1.67	-1.50
383	          Large Greenhouse	1.85	3.98	5.73	170	116	77	29	22	1.58	-2.50
384	             Estate Worker	1.83	4.63	4.85	187	145	102	39	24	2.06	0.87
385	           Threshing Board	1.83	4.82	9.59	195	148	100	36	25	1.97	1.09
386	          Livestock Feeder	1.83	5.04	9.28	172	132	80	33	22	1.74	0.49
387	             Pattern Maker	1.82	5.32	10.33	173	94	54	29	22	1.42	2.89
388	                  Layabout	1.80	4.82	9.26	175	132	85	32	22	1.84	1.03
389	                 Hawktower	1.79	3.57	6.34	184	157	99	34	23	2.00	0.38
390	       Straw-Thatched Roof	1.79	3.77	9.12	160	129	83	27	20	2.00	1.36
391	              Mud Wallower	1.79	3.96	4.41	192	144	105	33	24	1.96	0.99
392	                   Sundial	1.79	3.98	6.39	168	127	84	30	21	1.72	-0.86
393	                   Plumber	1.79	4.24	8.05	184	160	111	36	23	1.92	-1.36
394	                    Grange	1.79	4.64	13.62	184	132	50	42	23	1.48	7.96
395	            Soil Scientist	1.79	4.83	8.08	192	119	61	38	24	1.45	1.49
396	              Hedge Keeper	1.78	3.85	8.89	209	191	131	37	26	2.01	-0.54
397	             Casual Worker	1.78	4.39	8.74	177	147	88	36	22	1.74	-0.02
398	              Seed Servant	1.78	4.53	9.09	185	150	97	31	23	1.73	-1.22
399	               Paper Maker	1.78	4.73	5.42	185	136	90	33	23	1.78	1.66
400	            Private Forest	1.77	3.78	2.95	194	148	110	34	24	1.91	-0.80
401	                 Syrup Tap	1.77	4.44	8.17	194	163	121	31	24	1.98	-1.72
402	      Shifting Cultivation	1.77	4.76	9.92	210	162	131	32	26	1.95	-2.28
403	                    Stable	1.77	5.50	9.70	194	112	93	26	24	1.63	-0.62
404	               Stonecutter	1.76	3.81	5.75	195	179	119	33	24	1.96	-1.10
405	              Entrepreneur	1.76	4.39	3.86	203	123	76	36	25	1.52	0.19
406	              Brick Hammer	1.76	4.86	5.46	146	93	65	26	18	1.57	-0.05
407	            Chief Forester	1.76	5.34	8.08	179	131	72	32	22	1.61	1.61
408	              Chicken Coop	1.75	4.45	6.21	188	117	85	28	23	1.66	-0.79
409	                   Granary	1.74	4.59	7.96	172	110	78	28	21	1.74	1.14
410	           Diligent Farmer	1.74	4.65	13.35	189	151	74	35	23	1.63	1.67
411	            Fodder Planter	1.74	5.53	12.02	197	122	60	32	24	1.49	3.98
412	                    Lodger	1.73	3.66	4.80	206	175	118	43	25	1.78	-1.98
413	                    Reader	1.73	4.57	9.90	190	148	80	41	23	1.72	2.26
414	             Potter's Yard	1.73	4.59	11.17	182	149	87	29	22	1.82	0.46
415	             Shoreforester	1.72	4.38	2.90	174	142	105	30	21	2.08	0.69
416	             Dwelling Plan	1.72	5.05	11.04	183	155	84	37	22	1.73	1.81
417	          Shepherd's Crook	1.71	4.85	8.66	175	117	89	28	21	1.72	0.48
418	     Agricultural Labourer	1.71	5.35	8.08	159	105	60	30	19	1.51	1.55
419	              Sequestrator	1.71	7.00	11.00	25	5	3	4	3	1.03	17.57
420	               Gift Basket	1.70	4.95	11.21	151	99	62	25	18	1.63	1.22
421	     Journeyman Bricklayer	1.70	5.03	9.23	160	120	62	29	19	1.69	3.96
422	               Lumber Pile	1.69	4.33	10.20	178	136	98	26	21	1.86	-1.39
423	               Seed Seller	1.69	4.57	6.67	178	115	81	31	21	1.75	0.74
424	        Fisherman's Friend	1.69	4.60	5.39	169	110	64	31	20	1.59	2.86
425	           Patch Caregiver	1.69	4.72	8.27	152	107	78	23	18	1.70	0.59
426	               Water Gully	1.69	4.77	10.33	178	131	63	34	21	1.52	4.03
427	                Consultant	1.69	5.54	12.01	178	134	72	32	21	1.60	1.92
428	                   Mattock	1.68	3.59	4.25	187	171	130	31	22	2.12	-1.69
429	                     Flail	1.68	4.34	6.86	196	162	125	33	23	1.88	-1.89
430	               Nightworker	1.67	2.88	3.72	171	136	98	25	20	1.69	-2.15
431	             Muddy Puddles	1.67	3.47	10.02	188	178	133	27	22	2.03	-3.23
432	                Bee Statue	1.67	3.52	6.85	154	105	74	24	18	1.60	0.41
433	                 Sack Cart	1.67	4.16	6.80	188	135	96	26	22	1.89	1.49
434	                  Pond Hut	1.67	4.41	6.24	171	135	95	28	20	1.88	-1.22
435	                Garden Hoe	1.67	4.88	9.12	163	89	57	27	19	1.40	3.97
436	                  Chairman	1.66	4.01	2.18	172	133	96	27	20	1.86	0.71
437	      Three-Field Rotation	1.66	4.93	10.58	172	121	81	27	20	1.67	0.59
438	             Tax Collector	1.66	5.01	8.16	164	89	49	32	19	1.35	3.66
439	               Fishing Net	1.63	4.85	8.13	184	116	76	26	21	1.44	-0.70
440	            Bargain Hunter	1.63	4.99	5.24	175	98	59	30	20	1.32	0.58
441	         Storehouse Keeper	1.62	3.72	3.78	185	142	98	31	21	1.58	-2.03
442	               Bellfounder	1.62	4.20	5.32	185	133	82	27	21	1.65	0.19
443	                   Archway	1.61	3.92	2.64	160	77	53	20	18	1.44	3.18
444	            Animal Bedding	1.61	4.94	12.09	169	116	74	27	19	1.67	0.54
445	    Bed in the Grain Field	1.60	3.69	9.23	170	154	90	31	19	1.73	-1.49
446	             Shovel Bearer	1.60	3.96	3.85	179	142	100	29	20	1.80	-0.36
447	                Corn Scoop	1.60	3.99	6.26	187	129	104	25	21	1.86	-0.78
448	                    Rustic	1.60	4.76	7.30	161	76	47	22	18	1.32	2.26
449	              Clay Carrier	1.60	5.05	6.66	187	134	83	34	21	1.50	-3.18
450	             Debt Security	1.59	5.33	11.57	180	102	70	27	20	1.52	0.52
451	                  Handplow	1.58	3.84	6.11	190	173	141	31	21	2.18	-0.85
452	        Firewood Collector	1.58	4.23	5.17	190	149	96	27	21	1.74	-0.25
453	                Millwright	1.58	5.40	8.91	190	111	58	28	21	1.40	4.35
454	                    Carter	1.57	5.06	8.73	155	110	49	32	17	1.38	2.30
455	              Crack Weeder	1.57	5.38	8.70	173	84	57	27	19	1.45	2.98
456	                  Firewood	1.56	3.78	2.90	156	114	81	24	17	1.79	-0.36
457	                    Manger	1.56	4.84	11.78	192	100	59	28	21	1.30	3.19
458	                  Cottager	1.55	3.29	4.66	194	174	112	33	21	1.72	-2.43
459	           Stock Protector	1.55	4.24	9.65	194	156	103	26	21	1.75	-0.85
460	                   Swagman	1.54	3.50	5.29	213	177	110	34	23	1.70	0.08
461	               Spin Doctor	1.54	4.59	7.99	186	137	89	27	20	1.72	0.87
462	          Wildlife Reserve	1.54	4.64	10.03	186	145	97	29	20	1.73	-0.07
463	              Christianity	1.54	4.96	10.93	176	143	109	27	19	1.96	-2.10
464	                   Dentist	1.53	3.74	4.02	196	145	106	31	21	1.54	-2.78
465	               Lumber Mill	1.53	4.15	6.65	177	111	65	23	19	1.40	2.11
466	              Fruit Ladder	1.53	4.47	4.71	168	105	86	20	18	1.60	-1.23
467	             Zigzag Harrow	1.53	5.16	11.84	168	104	62	24	18	1.51	1.53
468	           Tinsmith Master	1.53	5.32	10.00	187	121	56	35	20	1.27	1.35
469	          Emergency Seller	1.53	5.49	11.27	187	121	59	36	20	1.25	0.11
470	                Manservant	1.52	4.53	8.17	188	107	66	26	20	1.53	2.53
471	             Roof Examiner	1.52	5.21	10.62	178	104	50	28	19	1.20	1.02
472	                   Plowman	1.51	3.23	3.47	189	158	128	26	20	1.91	-1.70
473	         Upscale Lifestyle	1.51	4.34	8.56	170	148	100	29	18	1.52	-3.96
474	                     Lasso	1.50	4.54	10.03	181	127	87	28	19	1.61	-0.44
475	               Stone Tongs	1.49	5.09	8.07	192	128	72	31	20	1.38	0.19
476	                   Soldier	1.49	5.17	13.36	163	121	45	32	17	1.24	1.57
477	             Land Register	1.48	4.63	10.55	174	155	105	28	18	2.05	0.65
478	        Schnapps Distiller	1.48	5.04	8.33	184	127	70	32	19	1.44	2.07
479	               Hide Farmer	1.48	5.22	12.68	183	118	62	33	19	1.40	1.71
480	                  Handcart	1.47	4.46	5.76	165	116	80	29	17	1.67	2.78
481	          Uncaring Parents	1.47	5.32	10.05	155	66	40	20	16	1.26	4.95
482	       German Heath Keeper	1.46	5.14	9.36	186	143	81	29	19	1.53	1.17
483	              Skimmer Plow	1.45	4.14	9.10	167	100	81	23	17	1.49	-1.93
484	      Night-School Student	1.45	4.56	4.20	187	132	75	35	19	1.57	1.61
485	                  Beer Tap	1.45	5.14	7.30	158	94	67	22	16	1.40	-0.70
486	                     Canoe	1.44	3.42	5.00	189	163	119	27	19	1.68	-2.40
487	           Forest Guardian	1.44	5.14	6.48	178	111	63	30	18	1.40	3.94
488	   Eternal Rye Cultivation	1.44	5.19	10.87	169	102	63	25	17	1.28	0.22
489	        Renovation Company	1.42	3.77	4.84	171	107	63	21	17	1.39	1.48
490	                 Reed Belt	1.41	4.32	4.07	172	117	75	26	17	1.47	-0.84
491	           Open Air Farmer	1.41	4.55	8.20	172	117	86	22	17	1.62	-1.03
492	               Forest Well	1.41	5.04	9.02	172	122	82	25	17	1.66	0.73
493	               Stone Buyer	1.41	5.35	8.26	172	118	58	35	17	1.35	2.28
494	            Farmers Market	1.41	5.43	9.97	182	94	66	22	18	1.43	0.75
495	               Tree Cutter	1.40	4.32	5.69	194	138	88	29	19	1.45	-0.68
496	                 Nest Site	1.40	4.44	4.51	194	135	99	26	19	1.54	-1.96
497	            Clearing Spade	1.40	4.87	8.69	163	109	61	23	16	1.33	0.60
498	                  Pigswill	1.40	4.97	9.53	163	94	64	21	16	1.36	-0.14
499	            Hunting Trophy	1.40	5.50	11.38	173	112	60	24	17	1.38	1.17
500	            Potato Planter	1.39	4.77	5.15	175	109	54	27	17	1.35	6.16
501	                Sheep Well	1.37	5.49	12.00	167	99	57	24	16	1.41	3.58
502	             Cheese Fondue	1.37	5.66	10.97	177	102	61	23	17	1.30	0.11
503	           Comb and Cutter	1.36	3.66	5.13	179	133	101	22	17	1.62	-1.45
504	               Rock Beater	1.36	3.79	3.46	189	149	94	27	18	1.37	-3.38
505	                 Chophouse	1.36	4.51	6.82	178	120	93	25	17	1.72	-0.47
506	               Thunderbolt	1.36	5.11	11.40	168	104	52	30	16	1.26	1.00
507	        Domestician Expert	1.36	5.24	8.44	189	131	71	28	18	1.30	2.01
508	                 Plow Hero	1.34	3.97	8.24	181	154	118	23	17	1.89	-2.06
509	                 Motivator	1.34	4.87	8.56	181	100	43	29	17	1.08	4.62
510	          Nutrition Expert	1.34	5.33	10.00	170	100	38	33	16	1.03	3.19
511	                Changeover	1.34	5.47	9.01	202	97	73	26	19	1.25	-0.99
512	            Lawn Fertilzer	1.34	5.60	8.52	192	109	79	21	18	1.39	-0.93
513	       Store of Experience	1.34	5.72	7.44	160	78	57	22	15	1.32	0.79
514	            Final Scenario	1.33	5.20	7.84	183	117	90	23	17	1.44	-2.30
515	              Thick Forest	1.33	5.40	7.48	182	95	62	26	17	1.45	2.21
516	                 Town Hall	1.32	5.17	10.34	173	126	68	26	16	1.26	-1.64
517	                    Miller	1.31	5.10	7.32	186	120	56	33	17	1.26	1.18
518	            Cookery Lesson	1.31	5.43	8.03	175	56	33	18	16	0.98	5.39
519	                  Scullery	1.30	4.17	4.53	187	104	68	20	17	1.22	-0.16
520	            Drift-Net Boat	1.30	4.41	7.99	176	121	82	28	16	1.43	-1.48
521	              Oyster Eater	1.30	4.76	5.25	165	103	65	23	15	1.39	-1.39
522	                Fern Seeds	1.30	5.50	12.24	198	131	78	31	18	1.49	2.45
523	                   Curator	1.30	5.82	10.83	33	11	6	4	3	1.08	10.42
524	                 Mandoline	1.29	4.95	8.75	166	84	53	22	15	1.21	0.87
525	        Outskirts Director	1.28	3.98	4.93	167	122	75	22	15	1.44	-1.25
526	             Autumn Mother	1.28	4.16	6.45	178	129	64	32	16	1.36	-0.19
527	                Food Chest	1.28	5.21	7.59	189	114	79	20	17	1.41	0.52
528	                  Margrave	1.28	5.96	11.79	179	81	42	25	16	1.06	3.50
529	             Cattle Feeder	1.27	4.54	8.78	202	133	85	24	18	1.32	-2.52
530	              Clay Kneader	1.26	4.69	4.96	182	131	93	21	16	1.57	-0.39
531	                 Whale Oil	1.25	4.25	4.23	171	95	66	22	15	1.21	-2.03
532	      Timber Shingle Maker	1.25	5.29	12.25	183	112	44	23	16	1.14	3.24
533	              Straw Manure	1.25	5.66	11.19	172	62	37	22	15	1.02	4.42
534	                   Tasting	1.24	4.92	8.44	161	93	64	17	14	1.25	-0.54
535	               Mantlepiece	1.23	4.35	6.65	174	103	55	23	15	1.24	1.67
536	            Master Workman	1.23	5.10	5.43	186	105	58	28	16	1.23	1.32
537	                Hook Knife	1.23	5.51	11.83	174	87	42	24	15	1.03	6.19
538	                     Groom	1.23	5.52	9.98	198	85	46	25	17	1.03	2.32
539	                Lumberjack	1.23	5.72	8.48	174	81	44	21	15	1.14	3.23
540	               Greengrocer	1.22	3.65	7.32	187	153	118	20	16	1.74	-2.90
541	              Clay Puncher	1.22	4.31	3.07	175	112	89	17	15	1.52	-2.66
542	              Mineralogist	1.22	5.10	5.19	175	115	59	24	15	1.09	-1.90
543	                    Butler	1.22	5.13	10.50	176	67	42	20	15	1.00	1.31
544	                 Wood Pile	1.22	5.57	11.45	175	82	47	23	15	1.13	2.61
545	            Field Merchant	1.21	4.65	6.07	200	136	90	21	17	1.46	-1.40
546	             Master Fencer	1.21	4.85	10.32	165	84	47	25	14	1.01	-0.56
547	             Bale of Straw	1.21	5.38	8.11	177	96	73	21	15	1.30	-0.95
548	               Pig Breeder	1.21	5.71	11.47	200	116	58	36	17	1.11	0.47
549	             Animal Driver	1.21	5.80	11.24	200	100	42	29	17	1.05	5.35
550	             Steam Machine	1.20	3.69	8.43	190	149	90	30	16	1.62	2.14
551	                 Freemason	1.20	4.25	5.31	166	71	49	21	14	1.13	-0.52
552	                     Elder	1.20	4.73	1.00	167	63	62	14	14	1.28	-1.00
553	        Earthenware Potter	1.20	5.01	3.36	178	76	45	23	15	0.96	-1.33
554	          Potato Harvester	1.20	5.32	9.30	167	112	80	21	14	1.27	-4.18
555	                 Godmother	1.19	4.81	7.09	180	123	75	29	15	1.31	-0.80
556	                 Puppeteer	1.18	4.75	3.32	181	108	59	27	15	1.11	0.17
557	                  Smuggler	1.18	5.03	7.19	182	117	57	28	15	1.11	-1.05
558	               Grain Sieve	1.18	5.31	9.29	170	85	51	21	14	1.10	1.38
559	                 Muck Rake	1.18	5.48	11.07	170	83	56	20	14	1.23	2.65
560	              Market Stall	1.18	5.57	9.88	181	83	41	27	15	1.00	4.81
561	               Child's Toy	1.17	4.76	6.28	196	143	110	23	16	1.52	-4.07
562	            Mineral Feeder	1.17	5.18	10.16	171	98	57	25	14	1.02	-2.52
563	            Hoof Caregiver	1.17	5.56	11.77	183	94	52	23	15	1.08	-1.40
564	              Storage Barn	1.17	6.02	10.54	159	45	26	21	13	0.82	4.66
565	          Mountain Plowman	1.16	5.00	8.11	184	129	82	29	15	1.46	0.41
566	             Land Surveyor	1.16	5.62	8.57	197	104	44	25	16	1.02	4.41
567	  Inner Districts Director	1.15	4.75	6.65	162	112	55	21	13	1.17	2.11
568	           Party Organizer	1.15	5.60	11.35	187	129	68	28	15	1.25	-1.19
569	                  Emissary	1.14	5.29	8.98	176	120	52	25	14	1.18	0.61
570	                Night Loot	1.14	5.42	9.12	175	98	68	20	14	1.38	-0.95
571	                 Old Miser	1.13	4.25	4.41	165	85	61	16	13	1.11	-2.42
572	           Oven Firing Boy	1.13	4.81	7.89	189	116	56	25	15	1.02	-0.06
573	    Craftsmanship Promoter	1.13	5.21	7.38	164	104	50	24	13	1.19	1.25
574	               Roastmaster	1.12	4.20	7.39	216	165	106	30	17	1.48	-0.93
575	             Forest School	1.12	4.69	8.02	179	102	65	23	14	1.10	-2.95
576	            Pasture Master	1.12	5.65	11.02	191	88	43	23	15	1.03	5.26
577	                 Moonshine	1.11	5.58	8.31	167	73	52	19	13	1.09	-1.44
578	                     Sower	1.09	4.87	7.04	183	102	47	27	14	1.01	2.25
579	             Herbal Garden	1.08	5.65	12.86	185	89	44	25	14	0.97	2.75
580	                   Knapper	1.08	5.86	7.36	172	93	42	23	13	1.02	1.49
581	                  Conjurer	1.07	3.55	4.32	173	131	82	24	13	1.42	-1.08
582	                   Prodigy	1.07	3.78	11.28	187	41	25	19	14	0.70	2.75
583	            Potters Market	1.07	4.85	9.41	160	84	49	18	12	1.05	-2.47
584	             Potato Ridger	1.06	4.91	9.14	176	112	66	21	13	1.27	-0.34
585	             Hollow Warden	1.06	5.17	5.10	176	119	59	26	13	1.20	0.98
586	             Second Spouse	1.06	5.24	11.18	202	127	55	29	15	1.05	2.70
587	             Sowing Master	1.06	5.67	7.55	176	81	40	27	13	0.95	4.17
588	            Clay Plasterer	1.05	4.53	7.82	163	131	84	20	12	1.37	-3.74
589	             Brewing Water	1.05	4.99	6.52	164	69	52	14	12	0.93	-3.77
590	               Braid Maker	1.04	4.74	6.60	165	115	65	24	12	1.30	0.51
591	          Vegetable Slicer	1.04	4.91	7.55	179	86	55	20	13	1.04	-0.21
592	                 Pitchfork	1.03	4.62	6.93	167	93	69	17	12	1.09	-3.43
593	                 Woodcraft	1.03	4.66	5.86	181	114	83	22	13	1.21	-4.01
594	            Moral Crusader	1.03	4.96	3.57	166	73	47	17	12	1.06	0.20
595	               Simple Oven	1.03	4.96	10.28	195	131	78	25	14	1.21	-2.17
596	              Clay Deposit	1.03	5.15	7.65	167	74	40	18	12	0.98	2.93
597	            Stone Clearing	1.03	5.48	10.45	180	93	44	22	13	0.98	2.70
598	        Mushroom Collector	1.01	4.26	3.13	170	99	55	20	12	0.99	-0.57
599	          District Manager	1.01	4.82	4.84	184	84	43	17	13	0.95	1.52
600	                 Ropemaker	1.01	4.84	5.57	170	100	56	18	12	1.14	-1.47
601	             Acorns Basket	1.01	5.11	11.06	183	140	71	35	13	1.29	-1.85
602	                    Angler	1.00	4.22	4.24	171	105	71	17	12	1.12	-2.91
603	           Interim Storage	1.00	4.99	4.76	186	80	41	21	13	0.75	-2.65
604	                  Bohemian	1.00	5.51	5.35	200	118	62	24	14	1.09	-0.37
605	              Case Builder	1.00	5.80	11.30	185	99	40	28	13	0.90	0.19
606	              Bread Paddle	0.99	4.51	7.53	188	136	83	30	13	1.16	-4.21
607	                   Furrows	0.99	5.73	10.23	188	88	56	21	13	1.02	-0.50
608	             Bartering Hut	0.99	5.83	13.14	174	66	37	19	12	0.92	3.63
609	                  Lutenist	0.98	4.98	5.19	204	126	63	27	14	1.20	2.49
610	                  Tea Time	0.98	5.41	10.90	175	97	49	28	12	1.00	0.41
611	                  Feedyard	0.98	5.85	11.77	175	80	39	18	12	0.95	3.14
612	               Field Spade	0.97	5.19	8.38	176	100	64	20	12	0.95	-4.53
613	           Farmyard Manure	0.95	4.94	8.17	180	85	52	16	12	0.96	0.48
614	                Transactor	0.95	5.89	12.60	180	93	30	27	12	0.78	5.43
615	 Animal Tamer's Apprentice	0.94	5.17	7.97	182	59	33	16	12	0.83	2.97
616	                   Cowherd	0.94	5.36	10.48	182	112	48	21	12	0.92	0.37
617	      Material Deliveryman	0.92	5.12	5.17	218	120	54	33	14	0.98	3.89
618	              Spice Trader	0.91	4.55	3.15	173	114	75	18	11	1.08	-4.33
619	          Luxurious Hostel	0.91	4.70	12.11	173	84	46	19	11	0.99	1.48
620	                  Merchant	0.90	5.52	7.59	175	80	37	24	11	0.87	2.44
621	         Resource Recycler	0.89	5.46	11.38	176	89	50	21	11	0.93	0.16
622	          Gardener's Knife	0.89	5.79	12.53	193	73	38	19	12	0.85	3.01
623	    Automatic Water Trough	0.89	5.82	10.50	128	60	28	17	8	0.84	-0.04
624	               Cattle Farm	0.89	6.40	12.00	32	10	3	5	2	0.67	12.88
625	                Forest Inn	0.88	3.87	4.87	178	118	63	19	11	0.94	-3.07
626	               Herring Pot	0.88	4.32	5.77	195	111	78	20	12	1.04	-3.23
627	               Home Brewer	0.88	5.25	8.62	163	109	48	26	10	1.10	2.35
628	              Feeding Dish	0.88	5.26	8.65	163	68	43	16	10	0.92	0.32
629	          Livestock Expert	0.87	5.80	10.64	181	79	28	21	11	0.69	4.26
630	             Frame Builder	0.86	4.91	7.89	199	135	63	22	12	0.96	-0.72
631	          Packaging Artist	0.85	5.08	7.70	185	105	53	19	11	0.86	-0.78
632	           Drinking Trough	0.85	5.45	9.71	184	83	49	16	11	0.95	3.40
633	           Clay Embankment	0.85	5.76	9.39	201	76	41	19	12	0.77	0.13
634	                   Loppers	0.85	5.92	9.00	184	37	22	13	11	0.62	4.17
635	               Lazy Sowman	0.84	4.30	10.27	170	134	70	21	10	1.14	-3.28
636	               Ale-Benches	0.84	4.84	9.71	188	109	73	17	11	1.01	-3.42
637	             Rocky Terrain	0.84	5.09	7.71	171	97	58	18	10	0.99	-1.83
638	                Stablehand	0.84	5.34	8.80	188	88	44	19	11	0.81	0.31
639	               Sheep Agent	0.84	5.38	7.67	171	109	58	20	10	1.14	-0.50
640	                 Pub Owner	0.84	5.49	7.62	187	92	47	24	11	0.91	0.84
641	                   Trimmer	0.84	5.66	7.91	186	68	33	16	11	0.70	-0.56
642	      Renovation Materials	0.82	5.21	10.36	174	108	56	19	10	0.99	-1.06
643	               Grain Thief	0.81	5.13	9.47	177	89	47	23	10	1.03	1.46
644	                  Heirloom	0.81	5.17	10.16	176	71	38	15	10	0.74	-0.11
645	             Milking Place	0.81	5.24	8.29	176	59	35	16	10	0.75	1.31
646	                  Wood Saw	0.80	5.03	7.84	197	97	37	25	11	0.76	1.79
647	              Sheep Keeper	0.80	5.08	12.42	179	119	52	23	10	1.01	0.94
648	          Stable Architect	0.80	5.51	13.06	196	85	49	16	11	0.90	0.57
649	                  Seatmate	0.80	5.89	12.03	161	89	36	15	9	0.83	2.25
650	                   Parvenu	0.77	5.06	6.48	205	114	52	21	11	0.83	-2.50
651	             Wool Blankets	0.77	5.39	12.62	205	49	24	15	11	0.61	6.06
652	        Beer Tent Operator	0.77	5.48	9.46	186	89	54	18	10	1.04	0.78
653	           Hill Cultivator	0.76	4.34	5.92	187	119	71	22	10	1.15	-0.52
654	                 Geologist	0.76	4.78	3.75	188	120	63	17	10	0.93	-2.04
655	            Heart of Stone	0.76	4.89	7.08	170	62	26	20	9	0.63	-1.16
656	          Carpenter's Yard	0.76	5.06	8.74	151	64	27	16	8	0.62	-1.50
657	                  Blighter	0.76	5.38	8.12	170	79	33	18	9	0.69	1.64
658	           Sowing Director	0.76	5.57	10.00	169	82	36	22	9	0.77	0.59
659	          Truffle Searcher	0.76	5.68	10.26	188	99	43	23	10	0.82	1.99
660	          Cattle Whisperer	0.76	5.69	5.33	169	52	24	13	9	0.57	5.07
661	                Game Trade	0.76	5.75	12.03	170	65	29	15	9	0.61	1.57
662	             Food Merchant	0.76	5.75	11.82	170	61	28	16	9	0.72	3.69
663	          Plant Fertilizer	0.76	5.86	12.55	170	57	22	14	9	0.56	2.89
664	               Studio Boat	0.75	4.69	6.22	190	78	46	15	10	0.79	0.64
665	              Early Cattle	0.75	5.25	8.96	172	52	27	12	9	0.71	2.77
666	                  Iron Hoe	0.75	5.34	9.12	191	71	48	17	10	0.79	-1.59
667	         Henpecked Husband	0.75	5.44	5.47	152	73	32	15	8	0.66	-1.78
668	      Fire Protection Pond	0.75	5.57	5.42	191	67	40	16	10	0.68	-2.08
669	                Portmonger	0.74	3.16	3.54	173	143	104	13	9	1.54	-2.68
670	             Stable Milker	0.74	5.67	8.24	174	52	21	20	9	0.59	6.12
671	            Huntsman's Hat	0.74	5.85	11.33	173	79	33	22	9	0.65	-1.59
672	                   Gritter	0.74	5.96	8.84	173	55	25	21	9	0.62	3.20
673	                    Basket	0.73	5.12	6.18	196	49	28	14	10	0.55	-0.66
674	                 Pan Baker	0.73	5.24	7.17	177	76	29	19	9	0.69	3.90
675	           Lumber Virtuoso	0.72	5.28	6.77	178	71	30	20	9	0.59	-0.89
676	            Milking Parlor	0.72	5.42	10.71	179	101	51	19	9	0.85	-2.29
677	                   Recount	0.72	6.11	10.00	178	54	30	17	9	0.67	0.77
678	                Woolgrower	0.71	5.69	10.07	181	98	41	21	9	0.77	-0.46
679	          Forest Scientist	0.71	5.93	6.40	40	14	5	3	2	0.46	5.02
680	        Storehouse Steward	0.70	4.97	5.20	203	92	56	16	10	0.78	-2.62
681	              Green Grocer	0.70	5.42	8.75	184	113	44	26	9	0.78	0.09
682	           Stone Custodian	0.70	5.66	7.49	184	97	49	15	9	0.93	1.02
683	       Renovation Preparer	0.69	5.21	6.21	186	68	28	20	9	0.58	0.44
684	          Wholesale Market	0.69	5.29	10.19	165	66	27	15	8	0.61	-3.10
685	              Bean Counter	0.69	5.84	6.50	186	58	28	14	9	0.54	4.30
686	              Stone Carver	0.67	5.31	6.81	191	94	47	19	9	0.75	-3.84
687	              Pumpernickel	0.67	5.62	8.88	170	89	52	16	8	0.92	-1.90
688	             Farm Building	0.65	5.27	8.72	176	83	43	15	8	0.76	0.22
689	                New Market	0.65	5.41	10.02	177	97	58	16	8	0.86	-4.22
690	                   Toolbox	0.64	4.87	7.51	179	93	49	18	8	0.85	-0.93
691	                  Sculptor	0.64	5.13	7.39	179	92	46	15	8	0.85	-0.51
692	           Facades Carving	0.64	5.91	11.67	156	45	18	17	7	0.51	6.91
693	              Stall Holder	0.63	5.62	9.32	182	58	19	17	8	0.54	3.29
694	              Cattle Buyer	0.63	5.85	10.88	180	96	40	18	8	0.71	-2.35
695	                   Almsbag	0.62	4.33	6.27	184	27	15	9	8	0.43	2.05
696	                    Salter	0.62	4.73	4.60	185	91	47	16	8	0.68	-3.89
697	             Stable Master	0.62	5.04	8.19	162	98	59	13	7	1.00	-1.58
698	              Baking Sheet	0.62	5.27	6.69	185	85	61	15	8	0.91	-1.93
699	           Asparagus Knife	0.62	5.30	8.63	161	82	46	14	7	0.88	-0.57
700	          Master Renovator	0.62	5.47	8.12	183	47	16	14	8	0.45	3.44
701	               Flax Farmer	0.61	4.17	4.70	187	133	79	19	8	0.94	-3.89
702	              Civic Facade	0.61	5.54	7.76	186	39	21	11	8	0.46	3.14
703	              Godly Spouse	0.61	5.71	7.23	165	62	30	14	7	0.72	-0.36
704	            Asparagus Gift	0.61	5.78	8.79	188	64	33	18	8	0.58	-1.10
705	               Barley Mill	0.59	5.41	9.79	193	64	34	14	8	0.55	-2.04
706	               Cube Cutter	0.59	5.95	8.77	194	66	26	15	8	0.51	0.04
707	                      Corf	0.58	5.80	9.39	171	69	38	19	7	0.63	-1.33
708	             Gypsy's Crock	0.57	5.92	9.93	174	78	43	16	7	0.69	-2.87
709	                     Brook	0.56	4.47	5.86	179	96	51	17	7	0.63	-5.82
710	                 Clutterer	0.56	4.54	3.32	177	28	22	7	7	0.47	0.85
711	           Building Expert	0.56	4.57	3.62	179	82	39	10	7	0.57	-2.45
712	                Trout Pool	0.56	5.36	8.64	177	91	53	11	7	0.84	-0.82
713	                  Outrider	0.56	5.41	6.67	178	58	27	14	7	0.57	5.12
714	              Full Peasant	0.56	5.60	11.12	179	55	17	13	7	0.42	2.46
715	              Blade Shears	0.55	5.90	11.42	156	51	19	12	6	0.52	4.55
716	          Grassland Harrow	0.54	5.59	7.74	185	54	27	13	7	0.52	-1.44
717	         Cookery Outfitter	0.54	6.33	12.28	184	61	25	13	7	0.59	3.66
718	            Dwelling Mound	0.53	4.78	2.21	190	40	28	10	7	0.56	2.21
719	             Digging Spade	0.52	5.31	8.97	166	74	37	20	6	0.64	-2.15
720	               Pen Builder	0.51	5.03	7.00	168	107	48	19	6	0.94	0.89
721	  Corn Schnapps Distillery	0.50	5.23	8.23	173	60	26	11	6	0.52	-0.31
722	                   Shelter	0.50	5.86	11.61	201	79	46	14	7	0.74	-0.10
723	            Parrot Breeder	0.50	6.18	11.38	170	56	16	17	6	0.45	4.37
724	                       Cob	0.49	5.42	7.33	174	55	27	12	6	0.58	1.49
725	            Stone Importer	0.48	5.88	8.62	178	59	24	17	6	0.50	0.24
726	      Future Building Site	0.47	5.04	3.08	152	27	12	9	5	0.44	13.90
727	         Joiner of the Sea	0.46	4.97	3.17	186	63	29	13	6	0.44	-5.16
728	              Usufructuary	0.46	5.05	4.04	185	42	24	10	6	0.42	-0.34
729	               Sugar Baker	0.46	5.58	8.50	31	12	2	5	1	0.41	16.00
730	       Reed Roof Renovator	0.44	5.98	8.58	194	51	19	17	6	0.40	2.91
731	                Field Clay	0.43	6.04	12.37	167	49	19	14	5	0.45	0.44
732	                Beer Stein	0.42	4.93	9.31	171	68	36	13	5	0.63	-1.07
733	            Petrified Wood	0.42	5.38	9.02	137	89	46	14	4	0.76	-2.56
734	           Patch Caretaker	0.41	5.15	7.97	175	82	32	12	5	0.54	-4.02
735	        Large-Scale Farmer	0.41	5.25	7.50	175	59	24	10	5	0.41	-2.88
736	                  Minstrel	0.41	5.92	10.60	35	13	5	2	1	0.65	6.02
737	           Building Tycoon	0.40	4.97	5.15	178	95	33	13	5	0.47	-2.86
738	               Petting Zoo	0.40	5.07	9.43	177	86	49	9	5	0.73	-2.77
739	       Young Animal Market	0.40	5.82	11.48	177	61	27	13	5	0.51	-1.23
740	                 Visionary	0.39	5.06	4.29	181	32	21	6	5	0.42	-0.25
741	              Small Trader	0.39	5.13	5.00	183	60	21	16	5	0.37	-0.62
742	             Beaver Colony	0.39	5.46	12.13	183	54	15	13	5	0.32	-2.25
743	       Elephantgrass Plant	0.39	5.87	9.67	74	15	6	5	2	0.31	0.21
744	              Pellet Press	0.38	4.98	6.86	190	53	22	11	5	0.47	2.50
745	             Turnip Farmer	0.38	5.32	8.40	189	76	25	14	5	0.51	2.00
746	           Culinary Artist	0.38	5.60	6.21	190	57	19	11	5	0.41	6.27
747	                Pet Grower	0.38	5.68	9.42	187	76	33	12	5	0.53	-3.27
748	             Perennial Rye	0.37	5.50	12.50	39	10	2	3	1	0.22	-1.56
749	               Rolling Pin	0.36	5.59	7.24	159	51	25	8	4	0.49	0.84
750	            Brotherly Love	0.36	5.90	9.56	159	48	25	11	4	0.33	-4.67
751	                  Ox Skull	0.35	5.49	12.27	161	41	22	8	4	0.42	-0.13
752	               Stable Yard	0.35	6.31	13.50	163	54	12	11	4	0.36	5.09
753	             Canal Boatman	0.33	5.24	8.23	173	59	26	12	4	0.35	-4.50
754	  Agricultural Fertilizers	0.33	5.28	10.84	172	50	25	7	4	0.49	1.05
755	          Riparian Builder	0.33	5.34	6.95	174	64	19	11	4	0.30	-2.73
756	                 Stagehand	0.33	5.48	7.34	214	81	32	15	5	0.45	-0.85
757	           Slurry Spreader	0.33	5.95	10.05	173	60	19	11	4	0.40	3.88
758	               Abort Oriel	0.32	5.22	3.39	181	59	28	10	4	0.36	-2.49
759	         Riverine Shepherd	0.32	5.52	7.52	177	64	23	11	4	0.31	-2.97
760	           Ravenous Hunger	0.32	5.52	10.14	178	63	22	10	4	0.35	-3.53
761	           Hardworking Man	0.32	5.71	8.12	178	59	16	10	4	0.38	3.48
762	              Pure Breeder	0.32	5.75	7.70	177	56	20	11	4	0.41	2.60
763	                Silokeeper	0.32	5.82	9.39	176	45	18	12	4	0.35	0.51
764	           Social Benefits	0.31	4.59	2.91	183	22	11	5	4	0.23	-2.86
765	               Wealthy Man	0.31	5.19	7.12	182	31	8	8	4	0.24	7.71
766	            Dutch Windmill	0.31	5.63	11.36	186	65	22	13	4	0.29	-8.08
767	               Fish Farmer	0.30	3.91	2.76	192	118	72	16	4	0.71	-5.78
768	              Wall Builder	0.28	5.91	5.50	205	46	18	10	4	0.37	0.92
769	         Pioneering Spirit	0.27	5.76	6.57	156	37	21	9	3	0.37	-2.92
770	            Wood Harvester	0.24	5.34	7.03	180	56	30	7	3	0.48	-0.93
771	                 Sculpture	0.24	6.06	11.75	176	51	12	11	3	0.32	7.18
772	               Garden Claw	0.24	6.23	8.64	180	35	14	6	3	0.25	0.84
773	             Stable Manure	0.23	5.54	2.00	61	13	7	1	1	0.23	-12.02
774	                Mill Wheel	0.23	6.02	10.93	187	43	15	8	3	0.29	2.63
775	           Sheep Whisperer	0.22	5.60	3.93	193	43	14	7	3	0.30	7.29
776	                 Oven Site	0.19	5.69	11.80	76	16	5	1	1	0.19	-6.97
777	               Misanthropy	0.19	5.70	11.16	150	47	19	7	2	0.35	-4.57
778	                 Trellises	0.18	5.74	7.58	161	31	12	6	2	0.22	-1.46
779	                  Telegram	0.18	5.85	11.00	163	39	5	13	2	0.14	4.63
780	                    Silage	0.18	5.89	11.44	78	18	9	4	1	0.37	0.78
781	      Small Animal Breeder	0.17	4.77	2.78	167	13	9	2	2	0.22	3.32
782	        Cooperative Plower	0.17	5.27	5.10	169	64	20	10	2	0.25	-2.91
783	              Growing Farm	0.17	5.76	8.62	169	25	8	7	2	0.17	-2.34
784	               Mummy's Boy	0.16	5.82	10.08	181	45	12	10	2	0.17	-4.78
785	             Game Provider	0.15	5.74	13.20	190	47	15	8	2	0.26	2.16
786	                   Recluse	0.14	5.10	1.44	198	21	9	3	2	0.17	-4.10
787	               Roughcaster	0.08	5.30	6.38	187	23	8	1	1	0.08	-4.48
788	                Claw Knife	0.08	5.70	9.39	189	54	18	15	1	0.19	-5.49
789	        Interior Decorator	0.08	6.00	7.00	178	22	10	3	1	0.13	-6.81
790	                 Loudmouth	0.00	3.25	5.00	35	8	3	1	0	0.16	-2.61
791	         Forest Campaigner	0.00	5.00	2.00	28	3	1	0	0	0.00	-13.61
792	         Blackberry Farmer	0.00	5.12	10.00	35	8	1	1	0	0.12	4.67
793	           Forest Tallyman	0.00	5.27	7.16	178	59	19	5	0	0.14	-8.25
794	               Wood Worker	0.00	5.28	9.22	211	81	23	10	0	0.14	-8.02
795	                   Catcher	0.00	5.33	3.00	24	3	1	0	0	0.18	7.81
796	            Tree Inspector	0.00	5.33	2.00	33	9	3	0	0	0.13	-15.43
797	                 Paymaster	0.00	5.50	10.00	34	6	1	1	0	0.00	-22.67
798	               Illusionist	0.00	5.57	7.57	175	21	7	2	0	0.09	-4.48
799	           Lifting Machine	0.00	6.29	11.50	28	7	2	2	0	0.10	-4.16
800	                  Huntsman	0.00	6.50	0.00	34	6	0	2	0	0.00	0.00
801	       Furniture Carpenter	0.00	6.60	0.00	33	5	0	1	0	0.00	0.00
802	         Resource Analyzer	0.00	6.67	11.00	27	3	1	0	0	0.05	-3.81
803	               Pig Stalker	0.00	6.67	0.00	28	6	0	1	0	0.00	0.00
804	             Breeder Buyer	0.00	6.80	0.00	29	5	0	0	0	0.00	0.00
805	           Twin Researcher	0.00	6.83	4.00	24	6	1	0	0	0.06	-5.86